{"cameraMode":{"drawMode":0,"name":"Shaded","section":"Shading Mode"},"sceneLighting":false,"audioPlay":false,"sceneViewState":{"m_AlwaysRefresh":false,"showFog":true,"showSkybox":false,"showFlares":true,"showImageEffects":true,"showParticleSystems":true,"showVisualEffectGraphs":true,"m_FxEnabled":true},"in2DMode":false,"pivot":{"x":-0.08974088728427887,"y":3.470994710922241,"z":-1.8032485246658326},"rotation":{"x":0.0003009771171491593,"y":-0.9994246363639832,"z":-0.03268471360206604,"w":-0.008073481731116772},"size":1.4489126205444337,"orthographic":false}