{"cameraMode":{"drawMode":0,"name":"Shaded","section":"Shading Mode"},"sceneLighting":true,"audioPlay":false,"sceneViewState":{"m_AlwaysRefresh":false,"showFog":true,"showSkybox":true,"showFlares":true,"showImageEffects":true,"showParticleSystems":true,"showVisualEffectGraphs":true,"m_FxEnabled":true},"in2DMode":false,"pivot":{"x":-26.990447998046876,"y":-15.148551940917969,"z":-97.65872192382813},"rotation":{"x":0.029467297717928888,"y":-0.9669104814529419,"z":0.13165202736854554,"w":0.2169320434331894},"size":37.59410858154297,"orthographic":false}