{"cameraMode":{"drawMode":0,"name":"Shaded","section":"Shading Mode"},"sceneLighting":true,"audioPlay":false,"sceneViewState":{"m_AlwaysRefresh":false,"showFog":true,"showSkybox":true,"showFlares":true,"showImageEffects":true,"showParticleSystems":true,"showVisualEffectGraphs":true,"m_FxEnabled":true},"in2DMode":false,"pivot":{"x":10.710470199584961,"y":2.619236469268799,"z":51.498260498046878},"rotation":{"x":-0.016553783789277078,"y":-0.9608651399612427,"z":0.057941511273384097,"w":-0.26955023407936098},"size":2.0696935653686525,"orthographic":false}