{"cameraMode":{"drawMode":0,"name":"Shaded","section":"Shading Mode"},"sceneLighting":true,"audioPlay":false,"sceneViewState":{"m_AlwaysRefresh":false,"showFog":true,"showSkybox":false,"showFlares":true,"showImageEffects":true,"showParticleSystems":true,"showVisualEffectGraphs":true,"m_FxEnabled":true},"in2DMode":false,"pivot":{"x":4.06697940826416,"y":12.674713134765625,"z":-5.343964576721191},"rotation":{"x":0.0028050485998392107,"y":-0.9933271408081055,"z":0.11253175139427185,"w":0.024442829191684724},"size":2.7722880840301515,"orthographic":false}