{"cameraMode":{"drawMode":0,"name":"Shaded","section":"Shading Mode"},"sceneLighting":false,"audioPlay":false,"sceneViewState":{"m_AlwaysRefresh":false,"showFog":true,"showSkybox":false,"showFlares":true,"showImageEffects":true,"showParticleSystems":true,"showVisualEffectGraphs":true,"m_FxEnabled":true},"in2DMode":false,"pivot":{"x":-0.021943876519799234,"y":0.6251828670501709,"z":-0.032370828092098239},"rotation":{"x":0.0645148903131485,"y":-0.7456064820289612,"z":0.07327592372894287,"w":0.6588281393051148},"size":1.1660282611846924,"orthographic":false}