{"cameraMode":{"drawMode":0,"name":"Shaded","section":"Shading Mode"},"sceneLighting":false,"audioPlay":false,"sceneViewState":{"m_AlwaysRefresh":false,"showFog":true,"showSkybox":false,"showFlares":true,"showImageEffects":true,"showParticleSystems":true,"showVisualEffectGraphs":true,"m_FxEnabled":true},"in2DMode":false,"pivot":{"x":-4.537393569946289,"y":10.929458618164063,"z":96.55277252197266},"rotation":{"x":-0.00015168070967774838,"y":-0.9898942708969116,"z":0.1408277451992035,"w":-0.006937761325389147},"size":0.31049954891204836,"orthographic":false}