{"cameraMode":{"drawMode":0,"name":"Shaded","section":"Shading Mode"},"sceneLighting":true,"audioPlay":false,"sceneViewState":{"m_AlwaysRefresh":false,"showFog":true,"showSkybox":false,"showFlares":true,"showImageEffects":true,"showParticleSystems":true,"showVisualEffectGraphs":true,"m_FxEnabled":true},"in2DMode":false,"pivot":{"x":24.345539093017579,"y":1.1386208534240723,"z":-32.173095703125},"rotation":{"x":0.006869145669043064,"y":-0.9930370450019836,"z":0.08992008119821549,"w":0.07553356140851975},"size":14.230252265930176,"orthographic":false}